{
    "packages": [
        {
            "name": "phpmailer/phpmailer",
            "version": "v6.6.4",
            "version_normalized": "6.6.4.0",
            "source": {
                "type": "git",
                "url": "https://github.com/PHPMailer/PHPMailer.git",
                "reference": "a94fdebaea6bd17f51be0c2373ab80d3d681269b"
            },
            "dist": {
                "type": "zip",
                "url": "https://api.github.com/repos/PHPMailer/PHPMailer/zipball/a94fdebaea6bd17f51be0c2373ab80d3d681269b",
                "reference": "a94fdebaea6bd17f51be0c2373ab80d3d681269b",
                "shasum": ""
            },
            "require": {
                "ext-ctype": "*",
                "ext-filter": "*",
                "ext-hash": "*",
                "php": ">=5.5.0"
            },
            "require-dev": {
                "dealerdirect/phpcodesniffer-composer-installer": "^0.7.0",
                "doctrine/annotations": "^1.2",
                "php-parallel-lint/php-console-highlighter": "^1.0.0",
                "php-parallel-lint/php-parallel-lint": "^1.3.2",
                "phpcompatibility/php-compatibility": "^9.3.5",
                "roave/security-advisories": "dev-latest",
                "squizlabs/php_codesniffer": "^3.6.2",
                "yoast/phpunit-polyfills": "^1.0.0"
            },
            "suggest": {
                "ext-mbstring": "Needed to send email in multibyte encoding charset or decode encoded addresses",
                "hayageek/oauth2-yahoo": "Needed for Yahoo XOAUTH2 authentication",
                "league/oauth2-google": "Needed for Google XOAUTH2 authentication",
                "psr/log": "For optional PSR-3 debug logging",
                "stevenmaguire/oauth2-microsoft": "Needed for Microsoft XOAUTH2 authentication",
                "symfony/polyfill-mbstring": "To support UTF-8 if the Mbstring PHP extension is not enabled (^1.2)"
            },
            "time": "2022-08-22T09:22:00+00:00",
            "type": "library",
            "installation-source": "dist",
            "autoload": {
                "psr-4": {
                    "PHPMailer\\PHPMailer\\": "src/"
                }
            },
            "notification-url": "https://packagist.org/downloads/",
            "license": [
                "LGPL-2.1-only"
            ],
            "authors": [
                {
                    "name": "Marcus Bointon",
                    "email": "phpmailer@synchromedia.co.uk"
                },
                {
                    "name": "Jim Jagielski",
                    "email": "jimjag@gmail.com"
                },
                {
                    "name": "Andy Prevost",
                    "email": "codeworxtech@users.sourceforge.net"
                },
                {
                    "name": "Brent R. Matzelle"
                }
            ],
            "description": "PHPMailer is a full-featured email creation and transfer class for PHP",
            "support": {
                "issues": "https://github.com/PHPMailer/PHPMailer/issues",
                "source": "https://github.com/PHPMailer/PHPMailer/tree/v6.6.4"
            },
            "funding": [
                {
                    "url": "https://github.com/Synchro",
                    "type": "github"
                }
            ],
            "install-path": "../phpmailer/phpmailer"
        }
    ],
    "dev": true,
    "dev-package-names": []
}
